{
    "rmse": 0.8211262082690194,
    "mae": 0.6417881929232273,
    "r2": 0.12968300810860234
}